<?xml version="1.0" encoding="UTF-8"?>
<project-private xmlns="http://www.netbeans.org/ns/project-private/1">
    <editor-bookmarks xmlns="http://www.netbeans.org/ns/editor-bookmarks/2" lastBookmarkId="0"/>
    <open-files xmlns="http://www.netbeans.org/ns/projectui-open-files/2">
        <group>
            <file>file:/C:/Users/acer/Documents/NetBeansProjects/J1Sp0021/src/model/Student.java</file>
            <file>file:/C:/Users/acer/Documents/NetBeansProjects/J1Sp0021/src/controller/Validation.java</file>
            <file>file:/C:/Users/acer/Documents/NetBeansProjects/J1Sp0021/src/model/Report.java</file>
            <file>file:/C:/Users/acer/Documents/NetBeansProjects/J1Sp0021/src/controller/Manager.java</file>
            <file>file:/C:/Users/acer/Documents/NetBeansProjects/J1Sp0021/src/view/Main.java</file>
        </group>
    </open-files>
</project-private>
